CD630_00070;box-10?
CD630_00120;P-SigF*/P-SigA?
CD630_00140;P-SigA
CD630_00170;P-SigF/P-SigA
CD630_00181;P-SigA
CD630_00210;P-SigA
CD630_00220;P-SigH
CD630_00270;TGN-10
CD630_00350;P-SigA
CD630_00470;P-SigA?
CD630_00490;P-SigA
CD630_00510;P-SigA?
CD630_00511;
CD630_00520;box-10?
CD630_00540;box-10?
CD630_00570;P-SigA
CD630_00580;P-SigA
CD630_00610;P-SigF*
CD630_00650;
CD630_00660;P-SigA
CD630_00680;P-SigA
CD630_00720;P-SigA
CD630_00950;P-SigA
CD630_01000;TGN-10
CD630_01040;P-SigA
CD630_01060;P-SigE
CD630_01080;P-SigA
CD630_01120;TGN-10
CD630_01190;P-SigA
CD630_01200;P-SigK/box-10
CD630_01240;P-SigE
CD630_01250;P-SigF
CD630_01260;P-SigE
CD630_01270;P-SigA
CD630_01290;P-SigE
CD630_01300;P-SigA
CD630_01340;P-SigA
CD630_01390;
CD630_01420;P-SigA?/P-SigF*
CD630_01420;P-SigH
CD630_01430;TGN-10
CD630_01470;P-SigA
CD630_01480;P-SigH
CD630_01560;P-SigK*/box-10
CD630_01560;
CD630_01590;P-SigA?
CD630_01632;P-SigA?
CD630_01670;P-SigB/Box-10
CD630_01700;P-SigA
CD630_01710;TGN-10
CD630_01721;TGN-10
CD630_01780;TGN-10
CD630_01790;TGN-10
CD630_01830;P-SigA
CD630_01880;TGN-10?
CD630_01880;P-SigA
CD630_01890;
CD630_01910;TGN-10
CD630_01910;
CD630_01980;TGN-10
CD630_02040;P-SigA
CD630_02100;P-SigA?
CD630_02180;P-SigA
CD630_02260;P-SigD
CD630_02290;P-SigD
CD630_02390;P-SigD
CD630_02410;
CD630_02450;P-SigA
CD630_02610;
CD630_02690;
CD630_02740;P-SigA
CD630_02750;
CD630_02760;P-SigA?
CD630_02780;P-SigA
CD630_02790;P-SigA?
CD630_02791;P-SigA
CD630_02920;P-SigA?
CD630_02920;P-SigB/box-10
CD630_02950;TGN-10
CD630_02960;P-SigF/P-SigE
CD630_03060;box-10?
CD630_03100;box-10
CD630_03110;P-SigE?
CD630_03140;P-SigE
CD630_03210;P-SigA
CD630_03220;TGN-10
CD630_03240;
CD630_03310;P-SigA
CD630_03370;P-SigA
CD630_03410;TGN-10
CD630_03450;TGN-10
CD630_03470;P-SigF
CD630_03500;P-SigB/TGN-10
CD630_03500;TGN-10/P-SigA
CD630_03520;P-SigA
CD630_03550;TGN-10/P-SigA
CD630_03590;
CD630_03700;P-SigA
CD630_03730;P-SigF*
CD630_03880;P-SigA
CD630_03930;box-10?
CD630_03940;P-SigB
CD630_03940;P-SigA
CD630_03950;P-SigL
CD630_04030;box-10
CD630_04040;P-SigA
CD630_04081;
CD630_04110;
CD630_04230;
CD630_04260;P-SigA
CD630_04270;P-SigA
CD630_04280;P-SigE*
CD630_04360;
CD630_04380;P-SigA
CD630_04390;P-SigF*
CD630_04400;P-SigH
CD630_04401;TGN-10
CD630_04410;TGN-10
CD630_04420;P-SigL*
CD630_04430;P-SigH*
CD630_04500;box-10?
CD630_04650;P-SigA
CD630_04670;P-SigA
CD630_04730;TGN-10
CD630_04810;P-SigF*
CD630_04880;
CD630_04890;P-SigA
CD630_04900;P-SigL*
CD630_04960;
CD630_05071;
CD630_05090;
CD630_05100;
CD630_05110;
CD630_05140;P-SigA
CD630_05160;box-10?
CD630_05170;P-SigA?
CD630_05190;P-SigA
CD630_05250;P-SigA
CD630_05300;P-SigA
CD630_05320;P-SigA?
CD630_05330;P-SigA
CD630_05430;P-SigA?
CD630_05430;P-SigG
CD630_05440;TGN-10
CD630_05450;TGN-10
CD630_05460;TGN-10?
CD630_05460;
CD630_05470;P-SigA
CD630_05500;P-SigH*
CD630_05510;P-SigK
CD630_05540;P-SigA?
CD630_05570;P-SigE
CD630_05580;TGN-10
CD630_05590;P-SigA
CD630_05610;P-SigA
CD630_05620;P-SigA
CD630_05640;P-SigK
CD630_05690;P-SigA?
CD630_05700;TGN-10
CD630_05720;P-SigG*
CD630_05720;P-SigH
CD630_05730;P-SigH
CD630_05740;P-SigA
CD630_05760;TGN-10
CD630_05770;P-SigA
CD630_05800;P-SigB
CD630_05840;P-SigA
CD630_05860;P-SigA
CD630_05870;P-SigA
CD630_05930;box-10?
CD630_05940;TGN-10
CD630_05950;
CD630_06010;P-SigA?
CD630_06010;TGN-10
CD630_06011;PSigA
CD630_06020;TGN-10
CD630_06040;TGN-10
CD630_06080;TGN-10
CD630_06160;P-SigA
CD630_06250;
CD630_06270;
CD630_06270;P-SigE*
CD630_06290;P-SigE
CD630_06330;box-10
CD630_06340;P-SigA
CD630_06390;P-SigB
CD630_06410;P-SigA
CD630_06421;P-SigA
CD630_06421;
CD630_06430;P-SigA
CD630_06480;P-SigA?
CD630_06520;P-SigA
CD630_06560;
CD630_06570;
CD630_06580;P-SigA
CD630_06590;P-SigD
CD630_06620;
CD630_06640;
CD630_06641;box-10
CD630_06642;
CD630_06680;P-SigA
CD630_06680;P-SigB
CD630_06730;box-10
CD630_06770;box-10
CD630_06790;
CD630_06810;
CD630_06840;P-SigF/P-SigG
CD630_06850;P-SigA
CD630_06880;TGN-10?
CD630_06890;P-SigA
CD630_06900;box-10
CD630_06910;
CD630_06910;P-SigF*
CD630_06920;TGN-10
CD630_06930;P-SigA
CD630_06950;P-SigA?
CD630_06970;
CD630_07030;box-10
CD630_07040;box-10?
CD630_07040;P-SigH*/P-SigA
CD630_07060;P-SigA
CD630_07070;P-SigA
CD630_07080;
CD630_07090;P-SigA?
CD630_07110;P-SigA
CD630_07120;
CD630_07150;TGN-10
CD630_07160;box-10
CD630_07180;box-10
CD630_07210;
CD630_07220;
CD630_07290;TGN-10
CD630_07300;
CD630_07340;P-SigA
CD630_07390;P-SigA?
CD630_07440;
CD630_07460;TGN-10?
CD630_07500;P-SigA
CD630_07590;P-SigB
CD630_07600;P-SigE?
CD630_07610;P-SigF
CD630_07610;P-SigA
CD630_07690;TGN-10
CD630_07700;P-SigH
CD630_07730;P-SigF/P-SigG
CD630_07760;P-SigA
CD630_07770;P-SigB/P-SigA?
CD630_07810;P-SigF*
CD630_07810;TGN-10
CD630_07850;P-SigA
CD630_07880;TGN-10?
CD630_07890;P-SigH
CD630_07940;TGN-10
CD630_07950;TGN-10
CD630_07960;TGN-10
CD630_07970;P-SigA
CD630_08000;P-SigL*
CD630_08060;TGN-10
CD630_08060;P-SigA
CD630_08100;TGN-10
CD630_08120;P-SigA
CD630_08250;P-SigA
CD630_08300;P-SigA
CD630_08320;P-SigA
CD630_08350;P-SigA
CD630_08370;TGN-10
CD630_08380;P-SigH
CD630_08400;P-SigA
CD630_08410;P-SigA
CD630_08420;P-SigA?
CD630_08440;P-SigA?
CD630_08460;P-SigB
CD630_08500;P-SigA
CD630_08520;P-SigA
CD630_08530;TGN-10
CD630_08650;P-SigH
CD630_08680;TGN-10
CD630_08690;P-SigA
CD630_08730;P-SigA
CD630_08750;P-SigA
CD630_08780;P-SigA
CD630_08790;TGN-10
CD630_08800;
CD630_08800;
CD630_08800;
CD630_08820;
CD630_08870;TGN-10
CD630_08920;TGN-10
CD630_08930;P-SigA?
CD630_08930;TGN-10
CD630_08940;TGN-10
CD630_08960;P-SigK
CD630_08970;P-SigB
CD630_08980;P-SigA
CD630_09000;P-SigB/TGN-10
CD630_09020;P-SigK
CD630_09150;P-SigA?
CD630_09200;
CD630_09320;
CD630_09390;
CD630_09401;
CD630_09420;P-SigH*
CD630_09461;P-SigA
CD630_09470;
CD630_09562;TGN-10
CD630_09570;TGN-10
CD630_09680;P-SigH*
CD630_09750;
CD630_09750;
CD630_09772;TGN-10
CD630_09780;box-10?
CD630_09810;P-SigA
CD630_09850;P-SigA?
CD630_09860;TGN-10
CD630_09890;P-SigA
CD630_09930;P-SigA?
CD630_09940;P-SigA
CD630_09980;TGN-10
CD630_09990;P-SigH
CD630_10060;P-SigA
CD630_10080;P-SigA
CD630_10110;
CD630_10150;
CD630_10160;TGN-10
CD630_10220;P-SigE
CD630_10350;box-10?
CD630_10430;P-SigE
CD630_10440;P-SigA
CD630_10460;
CD630_10470;P-SigA
CD630_10490;TGN-10
CD630_10500;P-SigA
CD630_10540;
CD630_10540;box-10
CD630_10620;P-SigA
CD630_10630;P-SigE?
CD630_10631;P-SigK
CD630_10632;P-SigK
CD630_10640;TGN-10
CD630_10670;P-SigK
CD630_10710;TGN-10?
CD630_10730;P-SigA
CD630_10790;TGN-10
CD630_10800;box-10
CD630_10840;TGN-10
CD630_10850;P-SigA
CD630_10910;TGN-10
CD630_10970;TGN-10
CD630_10990;P-SigA
CD630_11000;
CD630_11030;TGN-10
CD630_11190;
CD630_11200;P-SigA
CD630_11220;TGN-10
CD630_11230;box-10?
CD630_11241;
CD630_11260;P-SigA
CD630_11261;P-SigA
CD630_11280;P-SigE?
CD630_11290;box-10
CD630_11320;P-SigF/P-SigG?
CD630_11330;P-SigK
CD630_11350;P-SigA
CD630_11360;P-SigA?
CD630_11370;P-SigA?
CD630_11430;P-SigA
CD630_11450;P-SigH*
CD630_11450;TGN-10
CD630_11490;P-SigH
CD630_11540;P-SigA
CD630_11570;P-SigB
CD630_11570;TGN-10
CD630_11610;TGN-10
CD630_11610;P-SigA
CD630_11640;TGN-10?
CD630_11660;P-SigA
CD630_11670;P-SigE?
CD630_11690;box-10
CD630_11750;P-SigA
CD630_11760;P-SigA
CD630_11770;
CD630_11770;P-SigG*
CD630_11870;P-Sig54
CD630_11900;P-SigA
CD630_11910;TGN-10
CD630_11920;P-SigE
CD630_11980;P-SigE
CD630_12000;
CD630_12000;TGN-10
CD630_12030;box-10
CD630_12120;TGN-10
CD630_12130;P-SigG
CD630_12140;P-SigA
CD630_12140;P-SigH
CD630_12150;TGN-10
CD630_12200;box-10
CD630_12200;P-SigH*
CD630_12210;P-SigH
CD630_12260;
CD630_12270;P-SigA
CD630_12290;P-SigF
CD630_12300;P-SigE?
CD630_12300;P-SigK
CD630_12320;P-SigA?
CD630_12331;TGN-10
CD630_12340;P-SigE
CD630_12380;P-SigA?
CD630_12390;P-SigA?
CD630_12401;box-10?
CD630_12420;P-SigF*
CD630_12460;box-10
CD630_12470;
CD630_12511;P-SigA
CD630_12570;P-SigA
CD630_12580;P-SigB
CD630_12600;P-SigA
CD630_12630;TGN-10
CD630_12640;P-SigH
CD630_12650;P-SigA
CD630_12710;P-SigA
CD630_12740;P-SigA
CD630_12750;P-SigF*
CD630_12750;
CD630_12780;P-SigB/P-SigA
CD630_12810;TGN-10
CD630_12820;P-SigA
CD630_12830;TGN-10
CD630_12850;P-SigE
CD630_12860;box-10
CD630_12870;P-SigA
CD630_12880;TGN-10
CD630_12890;P-SigA?
CD630_12900;P-SigF/P-SigG
CD630_12910;P-SigG
CD630_12930;box-10?
CD630_12940;P-SigA
CD630_12990;P-SigA
CD630_13011;
CD630_13020;P-SigA
CD630_13030;box-10
CD630_13040;P-SigA
CD630_13050;
CD630_13160;P-SigA
CD630_13170;P-SigH
CD630_13180;
CD630_13180;TGN-10
CD630_13190;P-SigE?
CD630_13230;P-SigF
CD630_13240;TGN-10
CD630_13280;P-SigA
CD630_13290;P-SigA
CD630_13300;TGN-10
CD630_13320;box-10?
CD630_13390;TGN-10
CD630_13400;P-SigK
CD630_13450;TGN-10
CD630_13480;TGN-10
CD630_13530;
CD630_13540;P-SigA?/P-SigF?/P-SigG?
CD630_13550;P-SigF*
CD630_13550;P-SigA
CD630_13560;
CD630_13570;P-SigA
CD630_13600;TGN-10
CD630_13760;P-SigA?
CD630_13810;
CD630_13820;P-SigA?
CD630_13820;
CD630_13870;
CD630_13920;P-SigA
CD630_13940;box-10
CD630_13960;
CD630_13970;TGN-10
CD630_13990;box-10
CD630_14000;TGN-10
CD630_14010;P-SigA
CD630_14020;
CD630_14030;
CD630_14040;TGN-10
CD630_14090;TGN-10
CD630_14130;P-SigL
CD630_14150;TGN-10
CD630_14160;P-SigE
CD630_14170;P-SigA
CD630_14190;box-10
CD630_14240;P-SigA
CD630_14250;P-SigA
CD630_14300;P-SigG?
CD630_14310;TGN-10
CD630_14330;P-SigK
CD630_14340;TGN-10
CD630_14360;box-10
CD630_14410;TGN-10?
CD630_14420;P-SigA
CD630_14510;P-SigF*
CD630_14550;TGN-10
CD630_14560;
CD630_14570;
CD630_14580;
CD630_14590;box-10?
CD630_14600;P-SigB
CD630_14630;P-SigG?
CD630_14640;box-10
CD630_14690;P-SigA
CD630_14700;P-SigG*
CD630_14740;P-SigB
CD630_14740;P-SigB
CD630_14750;P-SigA
CD630_14760;P-SigA
CD630_14770;P-SigA
CD630_14810;P-SigA
CD630_14840;P-SigH
CD630_14860;P-SigG
CD630_14870;
CD630_14890;P-SigA
CD630_14920;P-SigH*
CD630_14930;
CD630_14940;TGN-10
CD630_14970;P-SigA
CD630_14980;P-SigH
CD630_15020;P-SigA?
CD630_15060;P-SigA
CD630_15090;P-SigF*
CD630_15110;P-SigK*/P-SigE
CD630_15111;P-SigA?
CD630_15150;P-SigA
CD630_15160;P-SigA
CD630_15180;P-SigK
CD630_15190;P-SigH*
CD630_15220;P-SigA
CD630_15230;P-SigA
CD630_15240;P-SigA
CD630_15240;P-SigB
CD630_15310;P-SigA?
CD630_15310;P-SigA
CD630_15320;box-10
CD630_15340;box-10
CD630_15350;P-SigA
CD630_15360;P-SigA
CD630_15360;P-SigA
CD630_15410;P-SigF*
CD630_15420;P-SigA
CD630_15430;P-SigG
CD630_15431;P-SigH
CD630_15450;P-SigB/P-SigA
CD630_15461;P-SigA
CD630_15461;P-SigF*
CD630_15470;P-SigA
CD630_15550;P-SigL*
CD630_15620;
CD630_15670;P-SigF/P-SigG
CD630_15680;P-SigF*
CD630_15690;P-SigA
CD630_15710;
CD630_15740;P-SigA
CD630_15750;P-SigE?
CD630_15760;P-SigA
CD630_15770;
CD630_15780;P-SigA?
CD630_15790;
CD630_15800;P-SigA
CD630_15830;TGN-10
CD630_15831;P-SigA
CD630_15900;TGN-10
CD630_15900;P-SigA
CD630_15900;P-SigF*
CD630_15940;P-SigA
CD630_15951;P-SigF
CD630_15960;P-SigD*
CD630_15980;box-10
CD630_16050;TGN-10
CD630_16060;P-SigA
CD630_16120;P-SigA
CD630_16130;P-SigK
CD630_16140;TGN-10
CD630_16170;P-SigA
CD630_16210;P-SigA
CD630_16220;P-SigH
CD630_16220;box-10?
CD630_16230;P-SigB
CD630_16240;TGN-10
CD630_16260;P-SigH*
CD630_16290;box-10
CD630_16290;P-SigE
CD630_16300;P-SigA
CD630_16320;P-SigF
CD630_16340;P-SigA
CD630_16410;
CD630_16440;TGN-10
CD630_16520;box-10
CD630_16520;P-SigA
CD630_16530;box-10?
CD630_16540;P-SigH
CD630_16550;P-SigA
CD630_16560;
CD630_16580;
CD630_16600;P-SigA?
CD630_16601;box-10?
CD630_16650;P-SigA
CD630_16650;P-SigA?
CD630_16670;TGN-10
CD630_16710;box-10?
CD630_16750;P-SigA
CD630_16810;P-SigA
CD630_16850;TGN-10
CD630_16900;P-SigB
CD630_16900;box-10?
CD630_16920;P-SigA
CD630_16940;box-10?
CD630_16950;P-SigA
CD630_16960;P-SigA
CD630_17000;P-SigA
CD630_17010;box-10
CD630_17020;P-SigA?
CD630_17060;box-10
CD630_17070;P-SigF
CD630_17080;TGN-10
CD630_17110;TGN-10
CD630_17120;
CD630_17160;P-SigA
CD630_17160;P-SigA?
CD630_17220;P-SigA
CD630_17260;P-SigE?
CD630_17270;P-SigA?
CD630_17290;TGN-10?
CD630_17310;box-10
CD630_17360;P-SigA
CD630_17380;P-SigH*
CD630_17400;P-SigL*
CD630_17451;P-SigA
CD630_17460;P-SigE
CD630_17470;TGN-10
CD630_17490;TGN-10
CD630_17510;TGN-10
CD630_17520;P-SigA
CD630_17570;box-10?
CD630_17590;P-SigA
CD630_17620;P-SigA
CD630_17640;TGN-10
CD630_17670;P-SigA
CD630_17671;P-SigA
CD630_17690;P-SigE*?
CD630_17700;P-SigA?
CD630_17710;TGN-10
CD630_17740;P-SigA
CD630_17850;P-SigA
CD630_17890;P-SigF*/P-SigG
CD630_17910;TGN-10
CD630_17920;TGN-10
CD630_17940;TGN-10
CD630_17970;P-SigA
CD630_17980;P-SigA
CD630_18000;P-SigA?
CD630_18010;P-SigA
CD630_18020;P-SigA
CD630_18040;box-10?
CD630_18070;P-SigA?
CD630_18100;P-SigA
CD630_18130;P-SigA
CD630_18220;P-SigB
CD630_18240;P-SigA
CD630_18250;P-SigA
CD630_18270;P-SigA
CD630_18311;P-SigA
CD630_18591;P-SigA
CD630_18630;box-10
CD630_18640;TGN-10
CD630_18700;TGN-10
CD630_18710;
CD630_18760;P-SigA
CD630_18780;
CD630_18780;
CD630_18800;P-SigG
CD630_18820;box-10
CD630_18830;TGN-10
CD630_18840;P-SigE
CD630_18910;P-SigK
CD630_18930;TGN-10?
CD630_18950;box-10?
CD630_18980;P-SigK
CD630_19000;P-SigH
CD630_19030;TGN-10
CD630_19050;
CD630_19070;P-SigA
CD630_19100;P-SigF*
CD630_19270;P-SigK
CD630_19300;P-SigK*/P-SigE?
CD630_19310;P-SigA
CD630_19340;box-10
CD630_19350;P-SigH
CD630_19390;TGN-10
CD630_19400;P-SigE
CD630_19401;
CD630_19410;P-SigH
CD630_19420;box-10?
CD630_19450;P-SigA
CD630_19530;P-SigA
CD630_19580;P-SigA
CD630_19660;
CD630_19670;P-SigH
CD630_19700;TGN-10?
CD630_19740;P-SigA
CD630_19801;P-SigA
CD630_19860;TGN-10
CD630_19870;P-SigA
CD630_19880;P-SigA
CD630_19900;TGN-10
CD630_19902;P-SigA
CD630_19903;P-SigA
CD630_19921;P-SigA
CD630_19930;P-SigA
CD630_19970;P-SigH*
CD630_19980;P-SigA
CD630_19990;P-SigA
CD630_20000;P-SigA/P-SigE?
CD630_20040;P-SigA
CD630_20051;TGN-10
CD630_20131;P-SigA
CD630_20141;P-SigF*
CD630_20170;box-10
CD630_20171;P-SigE*
CD630_20180;P-SigA
CD630_20200;P-SigA
CD630_20220;P-SigA
CD630_20340;P-SigA
CD630_20400;P-SigA
CD630_20460;P-SigB
CD630_20470;P-SigB
CD630_20480;TGN-10
CD630_20520;TGN-10
CD630_20520;TGN-10
CD630_20540;P-SigA?
CD630_20550;P-SigA
CD630_20570;P-SigA
CD630_20580;P-SigA
CD630_20590;P-SigG?
CD630_20610;P-SigA?
CD630_20630;P-SigH
CD630_20640;P-SigA
CD630_20650;P-SigA
CD630_20660;TGN-10
CD630_20670;TGN-10
CD630_20730;
CD630_20760;P-SigA
CD630_20910;P-SigL*
CD630_20920;TGN-10
CD630_20980;P-SigA
CD630_21020;P-SigA
CD630_21070;P-SigA
CD630_21100;P-SigA
CD630_21110;P-SigA
CD630_21120;P-SigG
CD630_21140;P-SigA
CD630_21151;P-SigB
CD630_21160;TGN-10
CD630_21180;P-SigA
CD630_21200;P-SigG*
CD630_21240;P-SigB
CD630_21270;P-SigA
CD630_21290;P-SigE*/PSigH*
CD630_21370;P-SigH
CD630_21400;
CD630_21430;
CD630_21440;P-SigK
CD630_21450;P-SigA
CD630_21480;P-SigA
CD630_21490;P-SigA
CD630_21501;P-SigE*
CD630_21510;P-SigA
CD630_21580;P-SigA
CD630_21630;P-SigF/P-SigG?
CD630_21640;P-SigA
CD630_21660;P-SigB
CD630_21670;P-SigK
CD630_21680;P-SigA?
CD630_21700;P-SigA
CD630_21810;
CD630_21810;P-SigA?
CD630_21840;P-SigK
CD630_21900;TGN-10
CD630_21910;P-SigA?
CD630_21930;TGN-10
CD630_21950;P-SigA
CD630_22080;
CD630_22120;P-SigA
CD630_22130;TGN-10
CD630_22140;box-10
CD630_22200;TGN-10
CD630_22210;TGN-10
CD630_22280;P-SigA
CD630_22330;box-10?
CD630_22410;P-SigA
CD630_22440;
CD630_22450;P-SigA
CD630_22451;P-SigF/P-SigG
CD630_22470;P-SigE?
CD630_22510;TGN-10?
CD630_22590;TGN-10
CD630_22600;P-SigA
CD630_22630;box-10
CD630_22640;box-10?
CD630_22660;P-SigG*/P-SigF
CD630_22720;TGN-10
CD630_22740;TGN-10
CD630_22750;P-SigA
CD630_22760;P-SigA
CD630_22780;box-10?
CD630_22890;P-SigA
CD630_22890;box-10?
CD630_22940;TGN-10
CD630_22950;P-SigA
CD630_22970;P-SigA?
CD630_22991;box-10
CD630_23010;box-10
CD630_23090;P-SigA
CD630_23100;P-SigA
CD630_23160;P-SigE
CD630_23210;P-SigH*
CD630_23220;P-SigA
CD630_23270;P-SigL
CD630_23300;P-SigA
CD630_23340;
CD630_23350;P-SigA
CD630_23440;TGN-10
CD630_23470;TGN-10
CD630_23570;P-SigA
CD630_23580;
CD630_23590;TGN-10
CD630_23650;
CD630_23690;P-SigA
CD630_23730;P-SigA
CD630_23750;P-SigG
CD630_23790;P-SigA
CD630_23820;P-SigL
CD630_23861;P-SigA
CD630_23900;P-SigA
CD630_23920;
CD630_23960;P-SigA
CD630_24030;box-10
CD630_24090;P-SigK
CD630_24120;P-SigA
CD630_24220;P-SigA?
CD630_24260;P-SigA
CD630_24291;P-SigE
CD630_24300;
CD630_24300;P-SigA
CD630_24330;P-SigA
CD630_24351;
CD630_24400;P-SigA?
CD630_24430;P-SigK*/P-SigE?
CD630_24450;P-SigE
CD630_24461;P-SigA
CD630_24461;P-SigK*/P-SigE*
CD630_24470;P-SigH
CD630_24500;TGN-10
CD630_24590;P-SigA
CD630_24590;P-SigA
CD630_24591;TGN-10
CD630_24600;P-SigA
CD630_24630;P-SigA
CD630_24650;P-SigG
CD630_24660;TGN-10
CD630_24700;P-SigF
CD630_24720;P-SigA
CD630_24730;P-SigA
CD630_24790;P-SigG*
CD630_24800;P-SigA
CD630_24820;TGN-10
CD630_24830;P-SigA
CD630_24900;P-SigG*
CD630_24910;P-SigA
CD630_24960;TGN-10
CD630_24970;P-SigF
CD630_24990;P-SigA
CD630_25000;P-SigA
CD630_25010;TGN-10
CD630_25030;P-SigA
CD630_25040;TGN-10
CD630_25050;P-SigA
CD630_25120;P-SigA
CD630_25130;box-10
CD630_25140;P-SigA
CD630_25150;P-SigA?
CD630_25171;TGN-10
CD630_25180;P-SigB
CD630_25190;TGN-10
CD630_25220;TGN-10
CD630_25240;TGN-10
CD630_25270;P-SigA
CD630_25320;P-SigA
CD630_25390;TGN-10
CD630_25410;P-SigA
CD630_25460;
CD630_25500;
CD630_25540;
CD630_25590;TGN-10
CD630_25620;P-SigF*
CD630_25621;P-SigA
CD630_25622;
CD630_25640;P-SigA
CD630_25710;P-SigF*
CD630_25730;P-SigA?
CD630_25900;TGN-10
CD630_25930;P-SigA
CD630_25990;P-SigG*/P-SigF
CD630_26030;P-SigA?
CD630_26110;P-SigA
CD630_26120;P-SigF*
CD630_26130;TGN-10
CD630_26150;P-SigA
CD630_26160;P-SigA
CD630_26180;P-SigA
CD630_26270;P-SigA
CD630_26280;
CD630_26290;P-SigE
CD630_26360;P-SigF/P-SigG
CD630_26410;P-SigE
CD630_26420;P-SigF
CD630_26440;P-SigA
CD630_26450;P-SigA?/P-SigK*
CD630_26460;P-SigH
CD630_26490;P-SigA
CD630_26500;P-SigH
CD630_26550;P-SigA
CD630_26550;
CD630_26560;P-SigH
CD630_26570;P-SigH?
CD630_26630;P-SigA?
CD630_26640;P-SigA/P-SigK
CD630_26650;P-SigA
CD630_26680;P-SigA
CD630_26710;P-SigA
CD630_26750;P-SigD*
CD630_26800;
CD630_26800;
CD630_26811;
CD630_26820;P-SigH*
CD630_26830;P-SigA
CD630_26860;P-SigF
CD630_26871;P-SigF
CD630_26880;P-SigG
CD630_26910;TGN-10
CD630_26930;P-SigA
CD630_26940;P-SigA
CD630_26960;P-SigA
CD630_26990;P-SigL
CD630_27020;P-SigA
CD630_27060;box-10?
CD630_27090;box-10?
CD630_27120;P-SigB
CD630_27130;TGN-10
CD630_27170;TGN-10
CD630_27170;P-SigH*
CD630_27200;P-SigK
CD630_27220;P-SigA
CD630_27240;
CD630_27250;P-SigF*/P-SigB
CD630_27260;P-SigA
CD630_27270;P-SigA
CD630_27270;
CD630_27290;P-SigK*
CD630_27310;TGN-10
CD630_27350;TGN-10
CD630_27360;P-SigA?
CD630_27380;P-SigH
CD630_27430;P-SigA?
CD630_27440;
CD630_27460;
CD630_27470;TGN-10
CD630_27480;P-SigA
CD630_27490;
CD630_27510;P-SigA
CD630_27520;TGN-10
CD630_27530;
CD630_27540;P-SigH*
CD630_27560;P-SigA?
CD630_27600;P-SigA
CD630_27600;
CD630_27610;
CD630_27620;P-SigG
CD630_27670;P-SigA
CD630_27680;P-SigA
CD630_27690;TGN-10
CD630_27710;P-SigA
CD630_27800;TGN-10
CD630_27810;P-SigF
CD630_27820;
CD630_27830;P-SigA
CD630_27870;P-SigA?
CD630_27910;P-SigA
CD630_27920;
CD630_27930;P-SigA
CD630_27950;
CD630_27950;TGN-10?
CD630_27970;P-SigB
CD630_27991;TGN-10
CD630_28000;P-SigE
CD630_28010;P-SigA
CD630_28010;TGN-10
CD630_28030;P-SigA
CD630_28070;TGN-10
CD630_28080;P-SigF/P-SigG
CD630_28090;P-SigF/P-SigG
CD630_28150;P-SigA
CD630_28160;P-SigA/P-SigE?
CD630_28260;P-SigA?
CD630_28280;TGN-10?
CD630_28300;P-SigA
CD630_28330;P-SigE
CD630_28390;P-SigB
CD630_28410;P-SigF/P-SigG
CD630_28420;P-SigA
CD630_28450;P-SigG
CD630_28480;P-SigA
CD630_28490;box-10?
CD630_28530;
CD630_28540;P-SigA
CD630_28550;P-SigA?
CD630_28560;P-SigG*/P-SigF
CD630_28570;P-SigA
CD630_28580;TGN-10
CD630_28620;P-SigL*
CD630_28640;P-SigE
CD630_28650;P-SigE
CD630_28670;
CD630_28730;box-10?
CD630_28790;TGN-10
CD630_28840;P-SigA
CD630_28850;
CD630_28860;P-SigA
CD630_28920;P-SigG*
CD630_28920;
CD630_29070;TGN-10
CD630_29071;TGN-10
CD630_29170;
CD630_29190;P-SigA
CD630_29240;P-SigH*
CD630_29260;
CD630_29280;P-SigA
CD630_29370;P-SigA
CD630_29610;P-SigA
CD630_29660;TGN-10
CD630_29680;P-SigK
CD630_29710;P-SigA
CD630_29820;P-SigF*
CD630_29850;
CD630_29870;P-SigH*
CD630_29890;
CD630_29910;
CD630_29950;
CD630_29970;P-SigA
CD630_30040;box-10
CD630_30070;P-SigE?
CD630_30090;P-SigA
CD630_30160;box-10
CD630_30170;P-SigA
CD630_30190;TGN-10
CD630_30260;P-SigA
CD630_30310;P-SigA
CD630_30320;P-SigF*
CD630_30330;P-SigA
CD630_30370;TGN-10
CD630_30410;TGN-10
CD630_30440;TGN-10?
CD630_30450;
CD630_30450;
CD630_30470;P-SigB/P-SigF*
CD630_30530;
CD630_30540;TGN-10
CD630_30610;TGN-10
CD630_30660;box-10?
CD630_30720;box-10?
CD630_30730;P-SigB/P-SigA
CD630_30770;
CD630_30890;P-SigA
CD630_30900;TGN-10
CD630_30910;P-SigA
CD630_30920;box-10?
CD630_30930;P-SigL*
CD630_30960;box-10?
CD630_31020;box-10?
CD630_31020;box-10
CD630_31030;TGN-10
CD630_31120;
CD630_31170;P-SigA
CD630_31200;box-10?
CD630_31201;
CD630_31210;TGN-10
CD630_31220;
CD630_31230;TGN-10
CD630_31300;box-10
CD630_31380;P-SigA
CD630_31450;
CD630_31450;P-SigA
CD630_31450;
CD630_31470;P-SigA
CD630_31480;box-10
CD630_31640;box-10?
CD630_31670;P-SigB
CD630_31691;P-SigA
CD630_31700;P-SigA
CD630_31740;box-10?
CD630_31750;P-SigA
CD630_31760;P-SigA
CD630_31820;TGN-10
CD630_31910;P-SigA
CD630_31970;P-SigG*
CD630_32010;TGN-10
CD630_32030;P-SigA
CD630_32040;P-SigA
CD630_32080;P-SigA
CD630_32130;TGN-10
CD630_32160;P-SigB
CD630_32180;P-SigA?
CD630_32200;TGN-10
CD630_32201;P-SigF/P-SigG
CD630_32210;P-SigH
CD630_32220;box-10
CD630_32240;P-SigA
CD630_32270;P-SigA
CD630_32280;TGN-10
CD630_32310;P-SigA
CD630_32320;P-SigL
CD630_32350;P-SigE
CD630_32460;P-SigA
CD630_32460;
CD630_32480;P-SigE?
CD630_32490;P-SigF/P-SigG
CD630_32500;
CD630_32510;P-SigE
CD630_32520;P-SigE*
CD630_32520;P-SigA?/P-SigK*
CD630_32540;TGN-10
CD630_32550;P-SigA?
CD630_32560;P-SigA
CD630_32570;P-SigE
CD630_32580;P-SigF
CD630_32590;TGN-10
CD630_32600;box-10?
CD630_32630;P-SigH*
CD630_32690;box-10?
CD630_32700;P-SigK
CD630_32710;P-SigA
CD630_32710;P-SigA
CD630_32720;box-10
CD630_32730;P-SigA
CD630_32800;P-SigA?
CD630_32830;P-SigA
CD630_32840;box-10?
CD630_32850;TGN-10
CD630_32870;
CD630_32890;box-10
CD630_32900;P-SigH
CD630_32960;box-10
CD630_32980;P-SigE?
CD630_32990;TGN-10
CD630_33020;TGN-10
CD630_33050;P-SigA
CD630_33060;P-SigA
CD630_33070;
CD630_33090;TGN-10
CD630_33110;P-SigB
CD630_33120;P-SigG
CD630_33170;P-SigH
CD630_33190;P-SigA
CD630_33270;TGN-10
CD630_33300;P-SigA
CD630_33320;P-SigA
CD630_33331;P-SigA
CD630_33420;P-SigA
CD630_33470;P-SigA
CD630_33500;P-SigE/P-SigK?
CD630_33500;box-10
CD630_33550;TGN-10
CD630_33590;P-SigA
CD630_33640;P-SigA
CD630_33640;TGN-10
CD630_33681;P-SigA
CD630_33682;P-SigA
CD630_33750;P-SigA
CD630_33770;TGN-10
CD630_33950;P-SigA
CD630_33960;P-SigB
CD630_33980;P-SigH*
CD630_34000;P-SigA?
CD630_34020;P-SigA
CD630_34050;P-SigA?
CD630_34100;P-SigB
CD630_34120;P-SigB
CD630_34360;
CD630_34390;
CD630_34391;P-SigG*
CD630_34392;P-SigH*
CD630_34480;
CD630_34550;P-SigE
CD630_34560;P-SigA
CD630_34570;P-SigE
CD630_34580;P-SigH
CD630_34600;TGN-10
CD630_34620;P-SigA
CD630_34630;
CD630_34640;P-SigE
CD630_34660;P-SigE
CD630_34660;
CD630_34720;
CD630_34730;
CD630_34760;P-SigA
CD630_34770;TGN-10
CD630_34830;P-SigA
CD630_34840;P-SigA
CD630_34860;box-10
CD630_34880;TGN-10
CD630_34890;P-SigG
CD630_34900;TGN-10
CD630_34940;P-SigG*
CD630_34960;P-SigA
CD630_34960;P-SigA
CD630_34990;P-SigF/SigG
CD630_35000;P-SigA
CD630_35120;TGN-10
CD630_35130;P-SigA
CD630_35130;P-SigA?
CD630_35140;TGN-10
CD630_35150;TGN-10
CD630_35160;P-SigH
CD630_35180;P-SigE
CD630_35210;P-SigA
CD630_35220;P-SigE
CD630_35240;
CD630_35270;P-SigD
CD630_35400;P-SigA
CD630_35420;P-SigE?
CD630_35430;P-SigA?
CD630_35440;P-SigA?
CD630_35500;
CD630_35511;P-SigF*
CD630_35580;box-10
CD630_35590;
CD630_35600;TGN-10
CD630_35640;P-SigF/P-SigG*
CD630_35670;P-SigE
CD630_35680;P-SigA
CD630_35680;P-SigA
CD630_35690;P-SigK
CD630_35701;
CD630_35740;
CD630_35780;P-SigA
CD630_35800;P-SigK
CD630_35810;P-SigA
CD630_35810;
CD630_35850;P-SigA?
CD630_35880;
CD630_35890;P-SigF
CD630_35930;
CD630_35950;P-SigF
CD630_35980;P-SigA
CD630_36000;box-10
CD630_36050;box-10?
CD630_36051;P-SigB
CD630_36051;TGN-10
CD630_36080;TGN-10
CD630_36090;TGN-10
CD630_36100;P-SigB
CD630_36100;P-SigB
CD630_36130;P-SigK
CD630_36180;TGN-10
CD630_36190;box-10?
CD630_36250;TGN-10
CD630_36270;box-10?
CD630_36380;P-SigE
CD630_36390;box-10?
CD630_36390;box-10
CD630_36410;
CD630_36510;TGN-10
CD630_36530;TGN-10
CD630_36550;P-SigA
CD630_36570;
CD630_36580;P-SigA?
CD630_36610;TGN-10
CD630_36630;P-SigA
CD630_36640;
CD630_36670;TGN-10
CD630_36680;box-10?
CD630_36690;P-SigA
CD630_36720;
CD630_36730;P-SigH
CD630_36800;P-SigA
CD630_36800;P-SigF/P-SigA?
SQ1002;P-SigA
SQ1005;P-SigA
SQ1021;P-SigA
SQ1033;
SQ1038;P-SigA/P-SigA2
SQ1051;P-SigA
SQ1241;P-SigA
SQ1296;P-SigA?
SQ1316;P-SigA
SQ1339;
SQ1376;P-SigA?
SQ1445;SQ1498;P-SigA-only-proximal-box?
SQ1549;P-SigA2
SQ1628;P-SigA/P-SigA2
SQ1628;P-SigA2/P-SigA
SQ1633;P-SigA2/TGN-10/P-SigB?
SQ1642;P-SigA2/TGN-10/P-SigB
SQ1648;P-SigA
SQ1653;
SQ1656;P-SigA
SQ173;P-SigA/P-SigB
SQ1730;P-SigB?
SQ178;
SQ1781;P-SigA?
SQ1828;P-SigA-only-proximal-box?
SQ1870;P-SigH?
SQ190;P-SigA?
SQ1905;
SQ1981;P-SigA2
SQ1981;
SQ1999;P-SigA?
SQ2150;P-SigA2/TGN-10
SQ2155;
SQ2179;P-SigA
SQ22;
SQ2224;
SQ2233;P-SigA2
SQ2303;P-SigA?
SQ2397;P-SigA?
SQ2424;
SQ2429;
SQ2485;
SQ2503;
SQ2533;P-SigA?
SQ327;P-SigA2/TGN-10
SQ367;
SQ403;
SQ408;P-SigB/P-SigA
SQ431;
SQ437;P-SigA?
SQ476;
SQ495;P-SigA
SQ523;P-SigA?
SQ587;TGN-10/P-SigA2
SQ623;
SQ670;P-SigB
SQ695;P-SigA
SQ726;P-SigA
SQ733;P-SigF/P-SigG
SQ808;P-SigA2/TGN-10/P-SigB
SQ814;P-SigA2
SQ915;P-SigA2/TGN-10/P-SigA
SQ995;P-SigF?
CD630_r0050;P-SigA?
CD630_r0190;P-SigA
CD630_r0200;P-SigA?
CD630_r0220;P-SigA
CD630_r0250;P-SigA?
CD630_r0260;P-SigA
CD630_r0320;
CD630_t0010;
CD630_t0020;
CD630_t0050;P-SigA
CD630_t0060;P-SigA
CD630_t0080;P-SigA2?
CD630_t0090;CD630_t0140
CD630_t0150;
CD630_t0250;P-SigA
CD630_t0410;
CD630_t0420;P-SigA
CD630_t0430;
CD630_t0450;
CD630_t0490;P-SigA2?
CD630_t0500;
CD630_t0550;
CD630_t0720;P-SigA?
CD630_t0770;
CD630_t0790;P-SigA
CD630_t0800;
CD630_t0830;
CD630_t0850;P-SigA2/P-SigA
CD630_t0870;
CD630_t0870;P-SigA
CD630_n00010;P-SIgE?
CD630_n00020;P-SigA
CD630_n00030;P-SigA?
CD630_n00040;P-SigA?
CD630_n00050;
CD630_n00060;P-SigB?
CD630_n00070;TGN-10/P-SigA2/P-SigA?
CD630_n00080;
CD630_n00090;P-SigB/P-SigA?
CD630_n00100;P-SigA2?
CD630_n00110;
CD630_n00120;P-SigA?
CD630_n00130;
CD630_n00140;P-SigA
CD630_n00150;TGN-10/P-SigA2?/P-SigB?
CD630_n00160;P-SigA?
CD630_n00170;P-SigA?
CD630_n00180;P-SigA?
CD630_n00190;P-Sig54?
CD630_n00200;P-SigA-only-proximal-box?
CD630_n00210;P-SigA?
CD630_n00220;P-SigA?
CD630_n00230;P-SigA2?
CD630_n00240;P-SigA
CD630_n00250;
CD630_n00260;P-SigA2/TGN-10
CD630_n00270;P-SigA-only-proximal-box?
CD630_n00280;P-SigK?
CD630_n00290;P-SigA2/P-SigA/P-SigB?
CD630_n00300;P-SigA?
CD630_n00310;P-SigE?
CD630_n00320;P-SigA2?
CD630_n00330;P-SigA-only-proximal-box?
CD630_n00340;P-SigA
CD630_n00350;P-SigA2/TGN-10
CD630_n00360;P-SigA
CD630_n00370;P-SigA2/TGN-10/P-SigB
CD630_n00380;P-SigB?
CD630_n00390;P-SigA
CD630_n00400;
CD630_n00410;P-SigA
CD630_n00420;
CD630_n00430;
CD630_n00440;P-SigA-only-proximal-box?
CD630_n00450;
CD630_n00460;P-SigA
CD630_n00470;
CD630_n00480;P-SigA
CD630_n00490;P-SigA?
CD630_n00500;P-SigA2/TGN-10/P-SigB?
CD630_n00510;P-SigA2/TGN-10/P-SigB?
CD630_n00520;
CD630_n00530;
CD630_n00540;
CD630_n00550;P-SigD?
CD630_n00560;P-SigA2/TGN-10/P-SigA
CD630_n00570;P-SigA2/TGN-10?
CD630_n00580;P-SigA?
CD630_n00590;
CD630_n00600;P-SigA2/TGN-10/P-SigB?
CD630_n00610;
CD630_n00620;P-SigA
CD630_n00630;P-SigA-only-proximal-box?
CD630_n00640;
CD630_n00650;P-SigA?
CD630_n00660;P-SigA
CD630_n00670;P-SigA
CD630_n00680;P-SigA
CD630_n00690;TGN-10/P-SigA2/P-SigB?
CD630_n00700;
CD630_n00710;
CD630_n00720;P-SigA/P-SigB?
CD630_n00730;P-SigA-only-proximal-box?
CD630_n00740;P-SigA?
CD630_n00750;P-SigA?
CD630_n00760;
CD630_n00770;P-SigA?
CD630_n00780;
CD630_n00790;P-SigA2/TGN-10/P-SigB?
CD630_n00800;P-SigA-only-proximal-box?
CD630_n00810;P-SigA?
CD630_n00820;P-SigA2/TGN-10/
CD630_n00830;P-SigA?
CD630_n00840;P-SigA2/P-SigA
CD630_n00850;P-SigA
CD630_n00860;P-SigA2/TGN-10/P-SigB?
CD630_n00870;
CD630_n00880;
CD630_n00890;P-SigA2?
CD630_n00900;P-SigA?
CD630_n00910;P-SigA/P-SigB?
CD630_n00920;
CD630_n00930;P-SigA
CD630_n00940;P-SigA2
CD630_n00950;P-SigA-only-proximal-box?
CD630_n00960;P-SigA-only-proximal-box?
CD630_n00970;P-SigA
CD630_n00980;P-SigA
CD630_n00990;P-SigD?
CD630_n01000;P-SigA2/TGN-10
CD630_n01010;P-SigA2/TGN-10/P-SigA
CD630_n01020;P-SigA
CD630_n01030;
CD630_n01040;
CD630_n01050;P-SigB
CD630_n01060;
CD630_n01070;P-SigA?
CD630_n01080;
CD630_n01090;P-SigA-only-proximal-box?
CD630_n01100;P-SigA2?
CD630_n01110;P-SigA2
CD630_n01120;P-SigA
CD630_n01130;P-SigA?
CD630_s0010;P-SigA
CD630_s0010;P-SigA
CD630_s0030;P-SigA
CD630_RNA_14;P-SigA
CD630_s0050;P-SigA
CD630_s0060;P-SigA
Cdi1_3;P-SigA
CDmisc_RNA_5;P-SigA
CD630_s0160;P-SigA
CD630_s0170;
CD630_s0190;P-SigA
CD630_s0200;
Cdi1_5;P-SigA
CD630_s0210;P-SigA
CD630_s0220;P-SigA
CD630_s0230;P-SigA
Cdi1_10;P-SigA
CD630_s0260;
CD630_s0290;
CD630_s0300;
CD630_s0300;P-SigA
CD630_s0330;P-SigA_only_proximal_box
CD630_s0340;P-SigA
CD630_16570;P-SigA
CD630_s0350;
CD630_s0360;P-SigA
CD630_s0370;P-SigA_only_proximal_box
CD630_s0380;
CD630_s0390;P-SigA
CD630_s0400;P-SigA
CD630_s0410;
CD630_s0420;P-SigA
CD630_s0430;P-SigA
Cdi1_6;P-SigA
CD630_s0440;P-SigA
Cdi1_1;P-SigA2/TGN-10
Cdi1_8;P-SigA
CD630_s0450;P-SigA
CD630_s0460;P-SigA
CD630_s0470;P-SigA
CD630_s0480;P-SigA
CD630_s0490;P-SigA
CDmisc_RNA_17;P-SigA
Cdi1_9;P-SigA
CD630_s0500;P-SigA
CDmisc_RNA_16;P-SigA
CD630_s0510;P-SigA
CDmisc_RNA_7;P-SigA
Cdi1_7;P-SigA
CD630_s0530;
CD630_s0540;P-SigA
CD630_s0550;P-SigA
CD630_s0560;P-SigA
CD630_s0570;P-SigA
Cdi1_2;
Cdi1_12;P-SigA
Cdi2_3;P-SIgA
Cdi1_4;P-SigA
CD630_s0590;P-SigA2/TGN-10
CD630_s0600;P-SigA?
CD630_s0610;P-SigA
CD630_s0620;P-SigA
Cdi2_1;P-SigA
CD630_32560;P-SigA
Cdi2_2;
CD630_s0640;P-SigA
CD630_s0641;P-SigA
CD630_s0642;P-SigA
Cdi1_11;P-SigA
Cdi2_4;P-SigA?
CD630_s0660;P-SigA
